insert into shop (name, type, phone, address, city, logo_imagepath, interior_photos_imagepath, planimetry_imagepath, status, opening_time, closing_time, franchising, latitude, longitude, gmaps_string, offers_flyer_link)
values
    ('conad alatri', 'Supermarket' ,'+393331234567','ss per fiuggi', 'alatri', 'conad_superstore.png', '', '', 1, 9, 20, 'conad superstore', 41.670086,13.3464945, '/CONAD+SUPERSTORE/@41.670082,13.3486832,15z/data=!4m5!3m4!1s0x0:0x57c47ba95c7a5ba3!8m2!3d41.670082!4d13.3486832',''),
    ('todis fr', 'Supermarket','+393401234567','v. madonna della neve', 'fr', 'todis.png', '', '', 1, 9, 21, 'todis', 41.6522526,13.3417693, '/Todis+-+Supermercato+(Frosinone+-+Via+Madonna+della+Neve)/@41.6522566,13.3395806,17z/data=!3m1!4b1!4m5!3m4!1s0x13255a898a8a983f:0x99e0e55bd6c684c3!8m2!3d41.6522592!4d13.3417496', ''),
    ('lidl fr','Supermarket', '+393881234567','via Maria, 85', 'fr', 'lidl.png', '', '', 1, 8, 20, 'lidl', 41.6517691,13.3473583, '/Todis+-+Supermercato+(Frosinone+-+Via+Madonna+della+Neve)/@41.6522566,13.3395806,17z/data=!3m1!4b1!4m5!3m4!1s0x13255a898a8a983f:0x99e0e55bd6c684c3!8m2!3d41.6522592!4d13.3417496', ''),
    ('conad v.fr','Supermarket', '+393401234567','v. per frosinone', 'ceccano', 'conad.png', '', '', 1, 8, 20, 'conad', 41.5834142, 13.2649291, '/CONAD/@41.5834414,13.3309611,17z/data=!3m1!4b1!4m5!3m4!1s0x132545a88900734f:0xa3da76bf3d1547b0!8m2!3d41.5834162!4d13.3308459', ''),
    ('fresco market fr', 'Supermarket','+393391234567','v. armando fabi', 'frosinone', 'fresco_market.png', '', '', 1, 8, 20, 'fresco market', 41.6358224, 13.3218078, '/CONAD/@41.5834414,13.3309611,17z/data=!3m1!4b1!4m5!3m4!1s0x132545a88900734f:0xa3da76bf3d1547b0!8m2!3d41.5834162!4d13.3308459', ''),
    ('conad ripi', 'Supermarket', '+393381234567', 'v. casilina 50', 'ripi', 'conad.png', '', '', 1, 8, 20, 'conad', 41.6052828,13.4098633, '/CONAD/@41.6052828,13.4098633,17z/data=!3m1!4b1!4m5!3m4!1s0x13254e29c333045f:0xb1c79b2bad6e9443!8m2!3d41.6052644!4d13.4121517', ''),
    ('conad city ripi', 'Supermarket', '+393451234567', 'v. meringo alto', 'ripi', 'conad_city.png', '', '', 1, 8, 20, 'conad city', 41.6100291, 13.4215996, '/CONAD+CITY/@41.6100251,13.4237883,17z/data=!4m5!3m4!1s0x132551dc19293e7f:0xf8df93f76155f515!8m2!3d41.6100323!4d13.4237077', ''),
    ('conad torrice','Supermarket', '+393311234567', 'v. casilina', 'torrice', 'conad.png', '', '', 1, 8, 20, 'conad', 41.6243219, 13.3823068, '/CONAD/@41.6243219,13.3823068,17z/data=!3m1!4b1!4m5!3m4!1s0x13255b22c9544bed:0xf95056b59d31bd0!8m2!3d41.6243179!4d13.3844955', ''),
    ('conad decemviri', 'Supermarket', '+393330123456', 'pzza dei decemviri', 'roma', 'conad.png', '', '', 1, 8, 21, 'conad', 41.8592646, 12.5686261, '/CONAD/@41.8592686,12.5664374,17z/data=!3m2!4b1!5s0x132589d61fa5d5fd:0xb00d72177a05ad3b!4m5!3m4!1s0x132589002acab7dd:0xc20ee8caef38d3d7!8m2!3d41.8592646!4d12.5686261', ''),
    ('eurospin ciamarra', 'Supermarket', '+393400123456', 'v. antonio ciamarra', 'roma', 'eurospin.png', '', '', 1, 9, 20, 'eurospin', 41.8540214, 12.5873707, '/Eurospin/@41.8540174,12.5895594,17z/data=!3m2!4b1!5s0x13258827acba62ff:0x70c7eacb3356bf9d!4m5!3m4!1s0x1325882650b7ac39:0x8f596e6e8cf84efb!8m2!3d41.8540174!4d12.5895594', ''),
    ('eurospin peikov', 'Supermarket', '+393880123456', 'pzz ilia peikov', 'roma', 'eurospin.png', '', '', 1, 9, 21, 'eurospin', 41.8315352, 12.5827329, '/Eurospin/@41.8315392,12.5805442,17z/data=!4m5!3m4!1s0x1325884e91813ceb:0x30adcdd3b135c851!8m2!3d41.8316001!4d12.5826743', ''),
    ('testIpAddress', 'Supermarket', '+393880123456', 'pzz ilia peikov', 'roma', 'eurospin.png', '', '', 1, 0, 24, 'eurospin', 41.8696638, 41.8696638, '/Eurospin/@41.8315392,12.5805442,17z/data=!4m5!3m4!1s0x1325884e91813ceb:0x30adcdd3b135c851!8m2!3d41.8316001!4d12.5826743', '');
insert into shop_department (shop_id, department_id)
values
    (6,11),
    (7,9),
    (10,10),
    (11,9),
    (10,13),
    (8,12),
    (10,3),
    (7,3),
    (4,3),
    (9,9),
    (2,2),
    (9,5),
    (5,10),
    (9,11),
    (1,1),
    (5,6),
    (11,4),
    (4,10),
    (10,1),
    (4,8),
    (5,11),
    (1,7),
    (2,10),
    (9,6),
    (1,9),
    (3,3),
    (10,7),
    (6,1),
    (8,9),
    (6,2),
    (11,13),
    (2,3),
    (3,12),
    (10,2),
    (1,13),
    (11,3),
    (8,2),
    (9,2),
    (5,2),
    (7,10),
    (8,8),
    (1,11),
    (8,10),
    (11,6),
    (7,8),
    (7,2),
    (9,10),
    (7,5),
    (11,5),
    (7,12),
    (2,8),
    (8,5),
    (2,9),
    (4,13),
    (3,7),
    (11,1),
    (5,1),
    (4,11),
    (6,10),
    (4,2),
    (4,9),
    (11,11),
    (7,11),
    (6,8),
    (1,8);

insert into department (name, logo_imagepath)
values
    ('FRUIT','icons8-banana-dolce-48.png'),
    ('DRINKS','icons8-bottiglia-di-vino-48.png'),
    ('VEGETABLES','icons8-broccoli-48.png'),
    ('SOAPS','icons8-dispenser-di-sapone-48.png'),
    ('CHEESES','icons8-formaggio-48.png'),
    ('CEREALS','icons8-grano-48.png'),
    ('FROZEN','icons8-inverno-48.png'),
    ('BUTCHERY','icons8-prosciutto-48.png'),
    ('GASTRONOMY','icons8-salame-48.png'),
    ('PETS', 'icons8-snoopy-48.png'),
    ('DESSERTS', 'icons8-torta-48.png');

insert into product(sku,name,description,logo_imagepath,size,unit_of_measure,brand)
values
(1,'Acqua tonica','','ACQUA_TONICA_SPINNER.png',33,'cl','SPINNER'),
(2,'Angeli di grano','','ANGELI_DI_GRANO_TRE_FORNARI.png',500,'gr','TRE FORNARI'),
(3,'Birra Bavaria','','BIRRA_033_BAVARIA.png',33,'cl','BAVARIA'),
(4,'Bocconcini di vitello','','BOCCONCINI_DI_VITELLO_TODIS.png',NULL,'kg','TODIS'),
(5,'Mortadella La Nostrana','','MORTADELLA_LA_NOSTRANA_ARTE_DELLA-SPECIALITA.jpg',NULL,'kg','ARTE DELLA SPECIALI'),
(6,'Sapone liquido','','SAPONE_LIQUIDO_BELDAY.png',500,'ml','BELDAY'),
(7,'Uova','','UOVA_AIA.png', NULL, NULL,'AIA'),
(8, 'CocaCola', 'Lattina', 'cocaColaLattina33.jpeg', 33, 'cl', 'CocaCola'),
(9, 'Petto di pollo', 'Affettato', 'aiaAffettatoPollo.jpg', 140, 'g', 'AIA'),
(10,'Zucchine IT', 'Vassoio', 'vassoioZucchine.jpg', 0.5, 'kg', 'Italia'),
(11,'Zucchine ES', 'Vassoio', 'vassoioZucchine.jpg', 0.5, 'kg', 'Spagna'),
(12, 'CocaCola', 'Bottiglia', 'cocaColaBottiglia.jpeg', 45, 'cl', 'CocaCola'),
(13, 'Albicocche', 'Vassoio', 'albicocche-vassoio.jpg', 1, 'kg', 'Italia'),
(14,'Prugne','Vassoio','galafruit_prugne.jpg', 0.5, 'kg','GalaFruit'),
(15,'Fragole', 'Vassoio', 'fragole.png', 0.3, 'kg', 'Spagna'),
(16,'Fragole', 'Vassoio', 'fragole.png', 0.25, 'kg', 'Italia'),
(17,'Prosciutto crudo', 'Trancio', 'prosciuttoCrudo.jpg', 4, 'kg', 'San Daniele'),
(18,'Prosciutto cotto', 'Vassoio', 'prosciuttoCottoScelto.jpg', 0.1, 'kg', '-'),
(19,'Torta compleanno', 'Torta', 'tortaCompleanno.jpg', 2, 'kg', 'LaPeppa'),
(20,'Penne rigate', 'Pasta', 'pastaBarilla.jpg', 0.5, 'kg', 'Barilla'),
(21,'Tortiglioni', 'Pasta', 'tortiglioni.jpg', 0.5, 'kg', 'Barilla'),
(22,'Farfalle', 'Pasta', 'farfalleBarilla.jpg', 0.5, 'kg', 'Barilla'),
(23,'Sedanini', 'Pasta', 'sedanini.jpg', 0.5, 'kg', 'Barilla');


insert into product_shop(shop_id,sku,department_id,location,discounted_price,currency,price)
values
        (2,1,2,'',1.39,'eur',1.69),
        (2,2,6,'',0,'eur',1.39),
        (2,3,2,'',0,'eur',1.39),
       (2,4,8,'',0,'eur',5.99),
       (2,5,9,'',0,'eur', 1.99),
       (2,7,8,'',0,'eur',1.39),
       (2,8,2,'',0.99,'eur',1.99),
       (2,9,9,'',0,'eur',1.39),
       (2,10,3,'',1.99,'eur', 2.99),
       (2,11,3,'',0,'eur',1.29),
       (2,12,2,'',0,'eur',2.79),
       (2,17,9,'',0, 'eur', 2.79),
       (2,18,9,'',0, 'eur', 1.59),
       (3,10,3,'',1.99,'eur', 2.99),
       (3,11,3,'',0,'eur',1.29),
       (4,1,2,'',1.39,'eur',1.69),
       (4,3,2,'',0,'eur',1.39),
       (4,4,8,'',0,'eur',5.99),
       (4,5,9,'',0,'eur', 1.99),
       (4,7,8,'',0,'eur',1.39),
       (4,8,2,'',0.99,'eur',1.99),
       (4,9,9,'',0,'eur',1.39),
       (4,10,3,'',1.99,'eur', 2.99),
       (4,17,9,'',0, 'eur', 2.79),
       (4,18,9,'',0, 'eur', 1.59),
       (4,19,11,'',0,'eur',19.99),
       (5,1,2,'',1.39,'eur',1.69),
       (5,2,6,'',0,'eur',1.39),
       (5,3,2,'',0,'eur',1.39),
       (5,8,2,'',0.99,'eur',1.99),
       (5,12,2,'',0,'eur',2.79),
       (5,13,1,'',0,'eur',1.39),
       (5,14,1,'',0,'eur',1.39),
       (5,15,1,'',0,'eur',1.39),
       (5,16,1,'',0,'eur',1.39),
       (5,19,11,'',0,'eur',19.99),
       (5,20,6,'',0,'eur',1.39),
       (5,21,6,'',0,'eur',1.39),
       (5,22,6,'',0,'eur',1.39),
       (5,23,6,'',0,'eur',1.39),
        (7,1,2,'',0,'eur',1.79),
        (7,3,2,'',0,'eur',1.49),
        (7,4,8,'',0,'eur',5.99),
        (7,5,9,'',0,'eur', 1.99),
        (7,7,8,'',0,'eur',1.39),
        (7,8,2,'',0.99,'eur',1.99),
        (7,9,9,'',0,'eur',1.39),
        (7,10,3,'',1.99,'eur', 2.99),
        (7,11,3,'',0,'eur',1.29),
        (7,12,2,'',0,'eur',2.79),
        (7,17,9,'',0, 'eur', 2.79),
        (7,18,9,'',0, 'eur', 1.59),
        (7,19,11,'',0,'eur',19.99),
       (7,1,2,'',1.39,'eur',1.69),
       (7,2,6,'',0,'eur',1.39),
       (7,3,2,'',0,'eur',1.39),
       (7,4,8,'',0,'eur',5.99),
       (7,5,9,'',0,'eur', 1.99),
       (7,6,4,'',0,'eur',1.39),
       (7,7,8,'',0,'eur',1.39),
       (7,8,2,'',0.99,'eur',1.99),
       (7,9,9,'',0,'eur',1.39),
       (7,10,3,'',1.99,'eur', 2.99),
       (7,11,3,'',0,'eur',1.29),
       (7,12,2,'',0,'eur',2.79),
       (7,13,1,'',0,'eur',1.39),
       (7,14,1,'',0,'eur',1.39),
       (7,15,1,'',0,'eur',1.39),
       (7,16,1,'',0,'eur',1.39),
       (7,17,9,'',0, 'eur', 2.79),
       (7,18,9,'',0, 'eur', 1.59),
       (7,19,11,'',0,'eur',19.99),
       (7,20,6,'',0,'eur',1.39),
       (7,21,6,'',0,'eur',1.39),
       (7,22,6,'',0,'eur',1.39),
       (7,23,6,'',0,'eur',1.39);

insert into userx (username, pass, email, date_of_birth, gender, role, name, surname, billing_street, billing_city, billing_country, billing_zip, phone)
values ('gtom', 'gtom','giuseppe.tomassi@gmail.com', '1996-11-06', 'M', 'B', 'giu', 'tom', 'via cavoni', 'frosinone', 'italia', '03100', '+3933333333');